<?xml version="1.0" encoding="UTF-8"?>
<GenRun Id="synth_1" LaunchPart="xc7a100tcsg324-1" LaunchTime="1641844105">
  <File Type="RDS-PROPCONSTRS" Name="ALU_main_drc_synth.rpt"/>
  <File Type="PA-TCL" Name="ALU_main.tcl"/>
  <File Type="RDS-RDS" Name="ALU_main.vds"/>
  <File Type="RDS-UTIL" Name="ALU_main_utilization_synth.rpt"/>
  <File Type="RDS-UTIL-PB" Name="ALU_main_utilization_synth.pb"/>
  <File Type="RDS-DCP" Name="ALU_main.dcp"/>
  <File Type="VDS-TIMINGSUMMARY" Name="ALU_main_timing_summary_synth.rpt"/>
  <File Type="VDS-TIMING-PB" Name="ALU_main_timing_summary_synth.pb"/>
  <FileSet Name="sources" Type="DesignSrcs" RelSrcDir="$PSRCDIR/sources_1">
    <Filter Type="Srcs"/>
    <File Path="$PSRCDIR/sources_1/imports/new/displ7seg.vhd">
      <FileInfo>
        <Attr Name="ImportPath" Val="$PSRCDIR/sources_1/new/displ7seg.vhd"/>
        <Attr Name="ImportTime" Val="1641840520"/>
        <Attr Name="UsedIn" Val="synthesis"/>
        <Attr Name="UsedIn" Val="simulation"/>
      </FileInfo>
    </File>
    <File Path="$PSRCDIR/sources_1/new/ALU_main.vhd">
      <FileInfo>
        <Attr Name="UsedIn" Val="synthesis"/>
        <Attr Name="UsedIn" Val="simulation"/>
      </FileInfo>
    </File>
    <Config>
      <Option Name="DesignMode" Val="RTL"/>
      <Option Name="TopModule" Val="ALU_main"/>
      <Option Name="TopAutoSet" Val="TRUE"/>
    </Config>
  </FileSet>
  <FileSet Name="constrs_in" Type="Constrs" RelSrcDir="$PSRCDIR/constrs_1">
    <Filter Type="Constrs"/>
    <File Path="$PSRCDIR/constrs_1/imports/ALU/Nexys4DDR_Master.xdc">
      <FileInfo>
        <Attr Name="ImportPath" Val="$PPRDIR/Nexys4DDR_Master.xdc"/>
        <Attr Name="ImportTime" Val="1641742351"/>
        <Attr Name="UsedIn" Val="synthesis"/>
        <Attr Name="UsedIn" Val="implementation"/>
      </FileInfo>
    </File>
    <Config>
      <Option Name="ConstrsType" Val="XDC"/>
    </Config>
  </FileSet>
  <Strategy Version="1" Minor="2">
    <StratHandle Name="Vivado Synthesis Defaults" Flow="Vivado Synthesis 2016"/>
    <Step Id="synth_design"/>
  </Strategy>
</GenRun>
