<?xml version="1.0" encoding="UTF-8"?>
<GenRun Id="impl_1" LaunchPart="xc7a100tcsg324-1" LaunchTime="1641844196">
  <File Type="PWROPT-DRC" Name="ALU_main_drc_pwropted.rpt"/>
  <File Type="OPT-METHODOLOGY-DRC" Name="ALU_main_methodology_drc_opted.rpt"/>
  <File Type="INIT-TIMING" Name="ALU_main_timing_summary_init.rpt"/>
  <File Type="ROUTE-PWR-RPX" Name="ALU_main_power_routed.rpx"/>
  <File Type="PA-TCL" Name="ALU_main.tcl"/>
  <File Type="OPT-HWDEF" Name="ALU_main.hwdef"/>
  <File Type="RDI-RDI" Name="ALU_main.vdi"/>
  <File Type="OPT-DCP" Name="ALU_main_opt.dcp"/>
  <File Type="OPT-DRC" Name="ALU_main_drc_opted.rpt"/>
  <File Type="OPT-TIMING" Name="ALU_main_timing_summary_opted.rpt"/>
  <File Type="PWROPT-DCP" Name="ALU_main_pwropt.dcp"/>
  <File Type="PWROPT-TIMING" Name="ALU_main_timing_summary_pwropted.rpt"/>
  <File Type="PLACE-DCP" Name="ALU_main_placed.dcp"/>
  <File Type="PLACE-IO" Name="ALU_main_io_placed.rpt"/>
  <File Type="PLACE-CLK" Name="ALU_main_clock_utilization_placed.rpt"/>
  <File Type="PLACE-UTIL" Name="ALU_main_utilization_placed.rpt"/>
  <File Type="PLACE-UTIL-PB" Name="ALU_main_utilization_placed.pb"/>
  <File Type="PLACE-CTRL" Name="ALU_main_control_sets_placed.rpt"/>
  <File Type="PLACE-SIMILARITY" Name="ALU_main_incremental_reuse_placed.rpt"/>
  <File Type="PLACE-PRE-SIMILARITY" Name="ALU_main_incremental_reuse_pre_placed.rpt"/>
  <File Type="PLACE-TIMING" Name="ALU_main_timing_summary_placed.rpt"/>
  <File Type="POSTPLACE-PWROPT-DCP" Name="ALU_main_postplace_pwropt.dcp"/>
  <File Type="POSTPLACE-PWROPT-TIMING" Name="ALU_main_timing_summary_postplace_pwropted.rpt"/>
  <File Type="PHYSOPT-DCP" Name="ALU_main_physopt.dcp"/>
  <File Type="PHYSOPT-DRC" Name="ALU_main_drc_physopted.rpt"/>
  <File Type="PHYSOPT-TIMING" Name="ALU_main_timing_summary_physopted.rpt"/>
  <File Type="ROUTE-ERROR-DCP" Name="ALU_main_routed_error.dcp"/>
  <File Type="ROUTE-DCP" Name="ALU_main_routed.dcp"/>
  <File Type="ROUTE-BLACKBOX-DCP" Name="ALU_main_routed_bb.dcp"/>
  <File Type="ROUTE-DRC" Name="ALU_main_drc_routed.rpt"/>
  <File Type="ROUTE-DRC-PB" Name="ALU_main_drc_routed.pb"/>
  <File Type="BG-BIN" Name="ALU_main.bin"/>
  <File Type="ROUTE-DRC-RPX" Name="ALU_main_drc_routed.rpx"/>
  <File Type="BG-DRC" Name="ALU_main.drc"/>
  <File Type="ROUTE-METHODOLOGY-DRC" Name="ALU_main_methodology_drc_routed.rpt"/>
  <File Type="BITSTR-MSK" Name="ALU_main.msk"/>
  <File Type="ROUTE-METHODOLOGY-DRC-RPX" Name="ALU_main_methodology_drc_routed.rpx"/>
  <File Type="BG-BGN" Name="ALU_main.bgn"/>
  <File Type="ROUTE-METHODOLOGY-DRC-PB" Name="ALU_main_methodology_drc_routed.pb"/>
  <File Type="ROUTE-PWR" Name="ALU_main_power_routed.rpt"/>
  <File Type="ROUTE-PWR-SUM" Name="ALU_main_power_summary_routed.pb"/>
  <File Type="ROUTE-STATUS" Name="ALU_main_route_status.rpt"/>
  <File Type="ROUTE-STATUS-PB" Name="ALU_main_route_status.pb"/>
  <File Type="ROUTE-TIMINGSUMMARY" Name="ALU_main_timing_summary_routed.rpt"/>
  <File Type="ROUTE-TIMING-PB" Name="ALU_main_timing_summary_routed.pb"/>
  <File Type="ROUTE-TIMING-RPX" Name="ALU_main_timing_summary_routed.rpx"/>
  <File Type="ROUTE-SIMILARITY" Name="ALU_main_incremental_reuse_routed.rpt"/>
  <File Type="ROUTE-CLK" Name="ALU_main_clock_utilization_routed.rpt"/>
  <File Type="POSTROUTE-PHYSOPT-DCP" Name="ALU_main_postroute_physopt.dcp"/>
  <File Type="POSTROUTE-PHYSOPT-BLACKBOX-DCP" Name="ALU_main_postroute_physopt_bb.dcp"/>
  <File Type="POSTROUTE-PHYSOPT-TIMING" Name="ALU_main_timing_summary_postroute_physopted.rpt"/>
  <File Type="POSTROUTE-PHYSOPT-TIMING-PB" Name="ALU_main_timing_summary_postroute_physopted.pb"/>
  <File Type="POSTROUTE-PHYSOPT-TIMING-RPX" Name="ALU_main_timing_summary_postroute_physopted.rpx"/>
  <File Type="BG-BIT" Name="ALU_main.bit"/>
  <File Type="BITSTR-RBT" Name="ALU_main.rbt"/>
  <File Type="BITSTR-NKY" Name="ALU_main.nky"/>
  <File Type="BITSTR-BMM" Name="ALU_main_bd.bmm"/>
  <File Type="BITSTR-MMI" Name="ALU_main.mmi"/>
  <File Type="BITSTR-SYSDEF" Name="ALU_main.sysdef"/>
  <File Type="WBT-USG" Name="usage_statistics_webtalk.html"/>
  <FileSet Name="sources" Type="DesignSrcs" RelSrcDir="$PSRCDIR/sources_1">
    <Filter Type="Srcs"/>
    <File Path="$PSRCDIR/sources_1/imports/new/displ7seg.vhd">
      <FileInfo>
        <Attr Name="ImportPath" Val="$PSRCDIR/sources_1/new/displ7seg.vhd"/>
        <Attr Name="ImportTime" Val="1641840520"/>
        <Attr Name="UsedIn" Val="synthesis"/>
        <Attr Name="UsedIn" Val="simulation"/>
      </FileInfo>
    </File>
    <File Path="$PSRCDIR/sources_1/new/ALU_main.vhd">
      <FileInfo>
        <Attr Name="UsedIn" Val="synthesis"/>
        <Attr Name="UsedIn" Val="simulation"/>
      </FileInfo>
    </File>
    <Config>
      <Option Name="DesignMode" Val="RTL"/>
      <Option Name="TopModule" Val="ALU_main"/>
      <Option Name="TopAutoSet" Val="TRUE"/>
    </Config>
  </FileSet>
  <FileSet Name="constrs_in" Type="Constrs" RelSrcDir="$PSRCDIR/constrs_1">
    <Filter Type="Constrs"/>
    <File Path="$PSRCDIR/constrs_1/imports/ALU/Nexys4DDR_Master.xdc">
      <FileInfo>
        <Attr Name="ImportPath" Val="$PPRDIR/Nexys4DDR_Master.xdc"/>
        <Attr Name="ImportTime" Val="1641742351"/>
        <Attr Name="UsedIn" Val="synthesis"/>
        <Attr Name="UsedIn" Val="implementation"/>
      </FileInfo>
    </File>
    <Config>
      <Option Name="ConstrsType" Val="XDC"/>
    </Config>
  </FileSet>
  <Strategy Version="1" Minor="2">
    <StratHandle Name="Vivado Implementation Defaults" Flow="Vivado Implementation 2016"/>
    <Step Id="init_design"/>
    <Step Id="opt_design"/>
    <Step Id="power_opt_design"/>
    <Step Id="place_design"/>
    <Step Id="post_place_power_opt_design"/>
    <Step Id="phys_opt_design"/>
    <Step Id="route_design"/>
    <Step Id="post_route_phys_opt_design"/>
    <Step Id="write_bitstream"/>
  </Strategy>
</GenRun>
